{
 "Retail Demand": [
  8962552.083333332,
  17813538.416879915,
  26554347.769866385,
  35186351.624135315,
  43710904.38933838,
  52129343.615450814,
  60442990.20264046,
  68653148.60852438,
  76761107.0528456,
  84768137.71960191,
  92675496.95665872,
  100484425.47287698
 ],
 "MMDA / Savings": [
  5960088.888888888,
  11801768.912566252,
  17527392.49557174,
  23139265.32691379,
  28639647.288562704,
  34030753.365497395,
  39314754.537672214,
  44493778.65426318,
  49569911.29054555,
  54545196.587747805,
  59421638.07622037,
  64201199.482250385
 ],
 "Time Deposits / CDs": [
  3000000.0,
  6000000.0,
  9000000.0,
  12000000.0,
  15000000.0,
  18000000.0,
  21000000.0,
  24000000.0,
  27000000.0,
  30000000.0,
  33000000.0,
  36000000.0
 ],
 "Brokered": [
  0.0,
  0.0,
  0.0,
  0.0,
  0.0,
  0.0,
  0.0,
  0.0,
  0.0,
  0.0,
  0.0,
  0.0
 ],
 "Sweep / Program": [
  0.0,
  0.0,
  0.0,
  0.0,
  0.0,
  0.0,
  0.0,
  0.0,
  0.0,
  0.0,
  0.0,
  0.0
 ],
 "Institutional": [
  0.0,
  0.0,
  0.0,
  0.0,
  0.0,
  0.0,
  0.0,
  0.0,
  0.0,
  0.0,
  0.0,
  0.0
 ]
}